image,class
cutthroat_1.jpg,cutthroat
cutthroat_2.jpg,cutthroat
cutthroat_3.jpg,cutthroat
cutthroat_4.jpg,cutthroat
cutthroat_5.jpg,cutthroat
cutthroat_6.jpg,cutthroat
cutthroat_7.jpg,cutthroat
cutthroat_8.jpg,cutthroat
cutthroat_9.jpg,cutthroat
cutthroat_10.jpg,cutthroat
cutthroat_11.jpg,cutthroat
cutthroat_12.jpg,cutthroat
cutthroat_13.jpg,cutthroat
cutthroat_14.jpg,cutthroat
cutthroat_15.jpg,cutthroat
cutthroat_16.jpg,cutthroat
cutthroat_17.jpg,cutthroat
cutthroat_18.jpg,cutthroat
cutthroat_19.jpg,cutthroat
cutthroat_20.jpg,cutthroat
cutthroat_21.jpg,cutthroat
cutthroat_22.jpg,cutthroat
cutthroat_23.jpg,cutthroat
cutthroat_24.jpg,cutthroat
cutthroat_25.jpg,cutthroat
cutthroat_26.jpg,cutthroat
cutthroat_27.jpg,cutthroat
cutthroat_28.jpg,cutthroat
cutthroat_29.jpg,cutthroat
cutthroat_30.jpg,cutthroat
cutthroat_31.jpg,cutthroat
cutthroat_32.jpg,cutthroat
cutthroat_33.jpg,cutthroat
cutthroat_34.jpg,cutthroat
cutthroat_35.jpg,cutthroat
cutthroat_36.jpg,cutthroat
cutthroat_37.jpg,cutthroat
cutthroat_38.jpg,cutthroat
cutthroat_39.jpg,cutthroat
cutthroat_40.jpg,cutthroat
cutthroat_41.jpg,cutthroat
cutthroat_42.jpg,cutthroat
cutthroat_43.jpg,cutthroat
cutthroat_44.jpg,cutthroat
cutthroat_45.jpg,cutthroat
cutthroat_46.jpg,cutthroat
cutthroat_47.jpg,cutthroat
cutthroat_48.jpg,cutthroat
cutthroat_49.jpg,cutthroat
cutthroat_50.jpg,cutthroat
cutthroat_51.jpg,cutthroat
cutthroat_52.jpg,cutthroat
cutthroat_53.jpg,cutthroat
cutthroat_54.jpg,cutthroat
cutthroat_55.jpg,cutthroat
cutthroat_56.jpg,cutthroat
cutthroat_57.jpg,cutthroat
cutthroat_58.jpg,cutthroat
cutthroat_59.jpg,cutthroat
cutthroat_60.jpg,cutthroat
cutthroat_61.jpg,cutthroat
cutthroat_62.jpg,cutthroat
cutthroat_63.jpg,cutthroat
cutthroat_64.jpg,cutthroat
cutthroat_65.jpg,cutthroat
cutthroat_66.jpg,cutthroat
cutthroat_67.jpg,cutthroat
cutthroat_68.jpg,cutthroat
cutthroat_69.jpg,cutthroat
cutthroat_70.jpg,cutthroat
cutthroat_71.jpg,cutthroat
cutthroat_72.jpg,cutthroat
cutthroat_73.jpg,cutthroat
cutthroat_74.jpg,cutthroat
cutthroat_75.jpg,cutthroat
cutthroat_76.jpg,cutthroat
cutthroat_77.jpg,cutthroat
cutthroat_78.jpg,cutthroat
cutthroat_79.jpg,cutthroat
cutthroat_80.jpg,cutthroat
cutthroat_81.jpg,cutthroat
cutthroat_82.jpg,cutthroat
cutthroat_83.jpg,cutthroat
cutthroat_84.jpg,cutthroat
cutthroat_85.jpg,cutthroat
cutthroat_86.jpg,cutthroat
cutthroat_87.jpg,cutthroat
cutthroat_88.jpg,cutthroat
cutthroat_89.jpg,cutthroat
cutthroat_90.jpg,cutthroat
cutthroat_91.jpg,cutthroat
cutthroat_92.jpg,cutthroat
cutthroat_93.jpg,cutthroat
cutthroat_94.jpg,cutthroat
cutthroat_95.jpg,cutthroat
cutthroat_96.jpg,cutthroat
cutthroat_97.jpg,cutthroat
cutthroat_98.jpg,cutthroat
cutthroat_99.jpg,cutthroat
cutthroat_100.jpg,cutthroat
cutthroat_101.jpg,cutthroat
cutthroat_102.jpg,cutthroat
cutthroat_103.jpg,cutthroat
cutthroat_104.jpg,cutthroat
cutthroat_105.jpg,cutthroat
cutthroat_106.jpg,cutthroat
cutthroat_107.jpg,cutthroat
cutthroat_108.jpg,cutthroat
cutthroat_109.jpg,cutthroat
cutthroat_110.jpg,cutthroat
cutthroat_111.jpg,cutthroat
cutthroat_112.jpg,cutthroat
cutthroat_113.jpg,cutthroat
cutthroat_114.jpg,cutthroat
cutthroat_115.jpg,cutthroat
cutthroat_116.jpg,cutthroat
cutthroat_117.jpg,cutthroat
cutthroat_118.jpg,cutthroat
cutthroat_119.jpg,cutthroat
cutthroat_120.jpg,cutthroat
cutthroat_121.jpg,cutthroat
cutthroat_122.jpg,cutthroat
cutthroat_123.jpg,cutthroat
cutthroat_124.jpg,cutthroat
cutthroat_125.jpg,cutthroat
cutthroat_126.jpg,cutthroat
cutthroat_127.jpg,cutthroat
cutthroat_128.jpg,cutthroat
cutthroat_129.jpg,cutthroat
cutthroat_130.jpg,cutthroat
cutthroat_131.jpg,cutthroat
cutthroat_132.jpg,cutthroat
cutthroat_133.jpg,cutthroat
cutthroat_134.jpg,cutthroat
cutthroat_135.jpg,cutthroat
cutthroat_136.jpg,cutthroat
cutthroat_137.jpg,cutthroat
cutthroat_138.jpg,cutthroat
cutthroat_139.jpg,cutthroat
cutthroat_140.jpg,cutthroat
cutthroat_141.jpg,cutthroat
cutthroat_142.jpg,cutthroat
cutthroat_143.jpg,cutthroat
cutthroat_144.jpg,cutthroat
cutthroat_145.jpg,cutthroat
cutthroat_146.jpg,cutthroat
cutthroat_147.jpg,cutthroat
cutthroat_148.jpg,cutthroat
cutthroat_149.jpg,cutthroat
cutthroat_150.jpg,cutthroat
cutthroat_151.jpg,cutthroat
cutthroat_152.jpg,cutthroat
cutthroat_153.jpg,cutthroat
cutthroat_154.jpg,cutthroat
cutthroat_155.jpg,cutthroat
cutthroat_156.jpg,cutthroat
cutthroat_157.jpg,cutthroat
cutthroat_158.jpg,cutthroat
cutthroat_159.jpg,cutthroat
cutthroat_160.jpg,cutthroat
cutthroat_161.jpg,cutthroat
cutthroat_162.jpg,cutthroat
cutthroat_163.jpg,cutthroat
cutthroat_164.jpg,cutthroat
cutthroat_165.jpg,cutthroat
cutthroat_166.jpg,cutthroat
cutthroat_167.jpg,cutthroat
cutthroat_168.jpg,cutthroat
cutthroat_169.jpg,cutthroat
cutthroat_170.jpg,cutthroat
cutthroat_171.jpg,cutthroat
cutthroat_172.jpg,cutthroat
cutthroat_173.jpg,cutthroat
cutthroat_174.jpg,cutthroat
cutthroat_175.jpg,cutthroat
cutthroat_176.jpg,cutthroat
cutthroat_177.jpg,cutthroat
cutthroat_178.jpg,cutthroat
cutthroat_179.jpg,cutthroat
cutthroat_180.jpg,cutthroat
cutthroat_181.jpg,cutthroat
cutthroat_182.jpg,cutthroat
cutthroat_183.jpg,cutthroat
cutthroat_184.jpg,cutthroat
cutthroat_185.jpg,cutthroat
cutthroat_186.jpg,cutthroat
cutthroat_187.jpg,cutthroat
cutthroat_188.jpg,cutthroat
cutthroat_189.jpg,cutthroat
cutthroat_190.jpg,cutthroat
cutthroat_191.jpg,cutthroat
cutthroat_192.jpg,cutthroat
cutthroat_193.jpg,cutthroat
cutthroat_194.jpg,cutthroat
cutthroat_195.jpg,cutthroat
cutthroat_196.jpg,cutthroat
brown_1.jpg,brown
brown_2.jpg,brown
brown_3.jpg,brown
brown_4.jpg,brown
brown_5.jpg,brown
brown_6.jpg,brown
brown_7.jpg,brown
brown_8.jpg,brown
brown_9.jpg,brown
brown_10.jpg,brown
brown_11.jpg,brown
brown_12.jpg,brown
brown_13.jpg,brown
brown_14.jpg,brown
brown_15.jpg,brown
brown_16.jpg,brown
brown_17.jpg,brown
brown_18.jpg,brown
brown_19.jpg,brown
brown_20.jpg,brown
brown_21.jpg,brown
brown_22.jpg,brown
brown_23.jpg,brown
brown_24.jpg,brown
brown_25.jpg,brown
brown_26.jpg,brown
brown_27.jpg,brown
brown_28.jpg,brown
brown_29.jpg,brown
brown_30.jpg,brown
brown_31.jpg,brown
brown_32.jpg,brown
brown_33.jpg,brown
brown_34.jpg,brown
brown_35.jpg,brown
brown_36.jpg,brown
brown_37.jpg,brown
brown_38.jpg,brown
brown_39.jpg,brown
brown_40.jpg,brown
brown_41.jpg,brown
brown_42.jpg,brown
brown_43.jpg,brown
brown_44.jpg,brown
brown_45.jpg,brown
brown_46.jpg,brown
brown_47.jpg,brown
brown_48.jpg,brown
brown_49.jpg,brown
brown_50.jpg,brown
brown_51.jpg,brown
brown_52.jpg,brown
brown_53.jpg,brown
brown_54.jpg,brown
brown_55.jpg,brown
brown_56.jpg,brown
brown_57.jpg,brown
brown_58.jpg,brown
brown_59.jpg,brown
brown_60.jpg,brown
brown_61.jpg,brown
brown_62.jpg,brown
brown_63.jpg,brown
brown_64.jpg,brown
brown_65.jpg,brown
brown_66.jpg,brown
brown_67.jpg,brown
brown_68.jpg,brown
brown_69.jpg,brown
brown_70.jpg,brown
brown_71.jpg,brown
brown_72.jpg,brown
brown_73.jpg,brown
brown_74.jpg,brown
brown_75.jpg,brown
brown_76.jpg,brown
brown_77.jpg,brown
brown_78.jpg,brown
brown_79.jpg,brown
brown_80.jpg,brown
brown_81.jpg,brown
brown_82.jpg,brown
brown_83.jpg,brown
brown_84.jpg,brown
brown_85.jpg,brown
brown_86.jpg,brown
brown_87.jpg,brown
brown_88.jpg,brown
brown_89.jpg,brown
brown_90.jpg,brown
brown_91.jpg,brown
brown_92.jpg,brown
brown_93.jpg,brown
brown_94.jpg,brown
brown_95.jpg,brown
brown_96.jpg,brown
brown_97.jpg,brown
brown_98.jpg,brown
brown_99.jpg,brown
brown_100.jpg,brown
brown_101.jpg,brown
brown_102.jpg,brown
brown_103.jpg,brown
brown_104.jpg,brown
brown_105.jpg,brown
brown_106.jpg,brown
brown_107.jpg,brown
brown_108.jpg,brown
brown_109.jpg,brown
brown_110.jpg,brown
brown_111.jpg,brown
brown_112.jpg,brown
brown_113.jpg,brown
brown_114.jpg,brown
brown_115.jpg,brown
brown_116.jpg,brown
brown_117.jpg,brown
brown_118.jpg,brown
brown_119.jpg,brown
brown_120.jpg,brown
brown_121.jpg,brown
brown_122.jpg,brown
brown_123.jpg,brown
brown_124.jpg,brown
brown_125.jpg,brown
brown_126.jpg,brown
brown_127.jpg,brown
brown_128.jpg,brown
brown_129.jpg,brown
brown_130.jpg,brown
brown_131.jpg,brown
brown_132.jpg,brown
brown_133.jpg,brown
brown_134.jpg,brown
brown_135.jpg,brown
brown_136.jpg,brown
brown_137.jpg,brown
brown_138.jpg,brown
brown_139.jpg,brown
brown_140.jpg,brown
brown_141.jpg,brown
brown_142.jpg,brown
brown_143.jpg,brown
brown_144.jpg,brown
brown_145.jpg,brown
brown_146.jpg,brown
brown_147.jpg,brown
brown_148.jpg,brown
brown_149.jpg,brown
brown_150.jpg,brown
brown_151.jpg,brown
brown_152.jpg,brown
brown_153.jpg,brown
brown_154.jpg,brown
brown_155.jpg,brown
brown_156.jpg,brown
brown_157.jpg,brown
brown_158.jpg,brown
brown_159.jpg,brown
brown_160.jpg,brown
brown_161.jpg,brown
brown_162.jpg,brown
brown_163.jpg,brown
brown_164.jpg,brown
brown_165.jpg,brown
brown_166.jpg,brown
brown_167.jpg,brown
brown_168.jpg,brown
brown_169.jpg,brown
brown_170.jpg,brown
brown_171.jpg,brown
brown_172.jpg,brown
brown_173.jpg,brown
brown_174.jpg,brown
brown_175.jpg,brown
brown_176.jpg,brown
brown_177.jpg,brown
brown_178.jpg,brown
brown_179.jpg,brown
brown_180.jpg,brown
brown_181.jpg,brown
brown_182.jpg,brown
brown_183.jpg,brown
brown_184.jpg,brown
brown_185.jpg,brown
brown_186.jpg,brown
brown_187.jpg,brown
brown_188.jpg,brown
brown_189.jpg,brown
brown_190.jpg,brown
brown_191.jpg,brown
brown_192.jpg,brown
brown_193.jpg,brown
brown_194.jpg,brown
brown_195.jpg,brown
brown_196.jpg,brown
brown_197.jpg,brown
brown_198.jpg,brown
brown_199.jpg,brown
brown_200.jpg,brown
brown_201.jpg,brown
brown_202.jpg,brown
brown_203.jpg,brown
brown_204.jpg,brown
brown_205.jpg,brown
brown_206.jpg,brown
brown_207.jpg,brown
brown_208.jpg,brown
brown_209.jpg,brown
brown_210.jpg,brown
brown_211.jpg,brown
brown_212.jpg,brown
brown_213.jpg,brown
brown_214.jpg,brown
brown_215.jpg,brown
brown_216.jpg,brown
brown_217.jpg,brown
brown_218.jpg,brown
brown_219.jpg,brown
brown_220.jpg,brown
brown_221.jpg,brown
brown_222.jpg,brown
brown_223.jpg,brown
brown_224.jpg,brown
brown_225.jpg,brown
brown_226.jpg,brown
brown_227.jpg,brown
brown_228.jpg,brown
brown_229.jpg,brown
brown_230.jpg,brown
brown_231.jpg,brown
brown_232.jpg,brown
brown_233.jpg,brown
brown_234.jpg,brown
brown_235.jpg,brown
brown_236.jpg,brown
brown_237.jpg,brown
brown_238.jpg,brown
brown_239.jpg,brown
brown_240.jpg,brown
brown_241.jpg,brown
brown_242.jpg,brown
brown_243.jpg,brown
brown_244.jpg,brown
brown_245.jpg,brown
brown_246.jpg,brown
brown_247.jpg,brown
brown_248.jpg,brown
brown_249.jpg,brown
brown_250.jpg,brown
brown_251.jpg,brown
brown_252.jpg,brown
brown_253.jpg,brown
brown_254.jpg,brown
brown_255.jpg,brown
brown_256.jpg,brown
brown_257.jpg,brown
brown_258.jpg,brown
brown_259.jpg,brown
brown_260.jpg,brown
brown_261.jpg,brown
brown_262.jpg,brown
brown_263.jpg,brown
brown_264.jpg,brown
brown_265.jpg,brown
brown_266.jpg,brown
brown_267.jpg,brown
brown_268.jpg,brown
brown_269.jpg,brown
brown_270.jpg,brown
brown_271.jpg,brown
brown_272.jpg,brown
brown_273.jpg,brown
brown_274.jpg,brown
brown_275.jpg,brown
brown_276.jpg,brown
brown_277.jpg,brown
brown_278.jpg,brown
brown_279.jpg,brown
brown_280.jpg,brown
brown_281.jpg,brown
brown_282.jpg,brown
brown_283.jpg,brown
brown_284.jpg,brown
brown_285.jpg,brown
brown_286.jpg,brown
brown_287.jpg,brown
brown_288.jpg,brown
brown_289.jpg,brown
brown_290.jpg,brown
brown_291.jpg,brown
brown_292.jpg,brown
brown_293.jpg,brown
brown_294.jpg,brown
brown_295.jpg,brown
brown_296.jpg,brown
brown_297.jpg,brown
brown_298.jpg,brown
brown_299.jpg,brown
brown_300.jpg,brown
brown_301.jpg,brown
brown_302.jpg,brown
brown_303.jpg,brown
brown_304.jpg,brown
brown_305.jpg,brown
brown_306.jpg,brown
brown_307.jpg,brown
brown_308.jpg,brown
brown_309.jpg,brown
brown_310.jpg,brown
brown_311.jpg,brown
brown_312.jpg,brown
brown_313.jpg,brown
brown_314.jpg,brown
brown_315.jpg,brown
brown_316.jpg,brown
brown_317.jpg,brown
brown_318.jpg,brown
brown_319.jpg,brown
brown_320.jpg,brown
brown_321.jpg,brown
brown_322.jpg,brown
brown_323.jpg,brown
brown_324.jpg,brown
brown_325.jpg,brown
brown_326.jpg,brown
brown_327.jpg,brown
brown_328.jpg,brown
brown_329.jpg,brown
brown_330.jpg,brown
brown_331.jpg,brown
brown_332.jpg,brown
brown_333.jpg,brown
brown_334.jpg,brown
brown_335.jpg,brown
brown_336.jpg,brown
brown_337.jpg,brown
brown_338.jpg,brown
brown_339.jpg,brown
brown_340.jpg,brown
brown_341.jpg,brown
brown_342.jpg,brown
brown_343.jpg,brown
brown_344.jpg,brown
brown_345.jpg,brown
brown_346.jpg,brown
brown_347.jpg,brown
brown_348.jpg,brown
brown_349.jpg,brown
brown_350.jpg,brown
brown_351.jpg,brown
brown_352.jpg,brown
brown_353.jpg,brown
brown_354.jpg,brown
brown_355.jpg,brown
brown_356.jpg,brown
brown_357.jpg,brown
brown_358.jpg,brown
brown_359.jpg,brown
brown_360.jpg,brown
brown_361.jpg,brown
brown_362.jpg,brown
brown_363.jpg,brown
brown_364.jpg,brown
brown_365.jpg,brown
brown_366.jpg,brown
brown_367.jpg,brown
brown_368.jpg,brown
brown_369.jpg,brown
brown_370.jpg,brown
brown_371.jpg,brown
brown_372.jpg,brown
brown_373.jpg,brown
brown_374.jpg,brown
brown_375.jpg,brown
brown_376.jpg,brown
brown_377.jpg,brown
brown_378.jpg,brown
brown_379.jpg,brown
brown_380.jpg,brown
brown_381.jpg,brown
brown_382.jpg,brown
brown_383.jpg,brown
brown_384.jpg,brown
brown_385.jpg,brown
brown_386.jpg,brown
brown_387.jpg,brown
brown_388.jpg,brown
brown_389.jpg,brown
brown_390.jpg,brown
brown_391.jpg,brown
brown_392.jpg,brown
brown_393.jpg,brown
brown_394.jpg,brown
brown_395.jpg,brown
brown_396.jpg,brown
brown_397.jpg,brown
brown_398.jpg,brown
brown_399.jpg,brown
brown_400.jpg,brown
brown_401.jpg,brown
brown_402.jpg,brown
brown_403.jpg,brown
brown_404.jpg,brown
brown_405.jpg,brown
brown_406.jpg,brown
brown_407.jpg,brown
brown_408.jpg,brown
brown_409.jpg,brown
brown_410.jpg,brown
brown_411.jpg,brown
brown_412.jpg,brown
brown_413.jpg,brown
brown_414.jpg,brown
brown_415.jpg,brown
brown_416.jpg,brown
tiger_1.jpg,tiger
tiger_2.jpg,tiger
tiger_3.jpg,tiger
tiger_4.jpg,tiger
tiger_5.jpg,tiger
tiger_6.jpg,tiger
tiger_7.jpg,tiger
tiger_8.jpg,tiger
tiger_9.jpg,tiger
tiger_10.jpg,tiger
tiger_11.jpg,tiger
tiger_12.jpg,tiger
tiger_13.jpg,tiger
tiger_14.jpg,tiger
tiger_15.jpg,tiger
tiger_16.jpg,tiger
tiger_17.jpg,tiger
tiger_18.jpg,tiger
tiger_19.jpg,tiger
tiger_20.jpg,tiger
tiger_21.jpg,tiger
tiger_22.jpg,tiger
tiger_23.jpg,tiger
tiger_24.jpg,tiger
tiger_25.jpg,tiger
tiger_26.jpg,tiger
tiger_27.jpg,tiger
tiger_28.jpg,tiger
tiger_29.jpg,tiger
tiger_30.jpg,tiger
tiger_31.jpg,tiger
tiger_32.jpg,tiger
tiger_33.jpg,tiger
tiger_34.jpg,tiger
tiger_35.jpg,tiger
tiger_36.jpg,tiger
tiger_37.jpg,tiger
tiger_38.jpg,tiger
tiger_39.jpg,tiger
tiger_40.jpg,tiger
tiger_41.jpg,tiger
tiger_42.jpg,tiger
tiger_43.jpg,tiger
tiger_44.jpg,tiger
tiger_45.jpg,tiger
tiger_46.jpg,tiger
tiger_47.jpg,tiger
tiger_48.jpg,tiger
tiger_49.jpg,tiger
tiger_50.jpg,tiger
tiger_51.jpg,tiger
tiger_52.jpg,tiger
tiger_53.jpg,tiger
tiger_54.jpg,tiger
tiger_55.jpg,tiger
tiger_56.jpg,tiger
tiger_57.jpg,tiger
tiger_58.jpg,tiger
tiger_59.jpg,tiger
tiger_60.jpg,tiger
tiger_61.jpg,tiger
tiger_62.jpg,tiger
tiger_63.jpg,tiger
tiger_64.jpg,tiger
tiger_65.jpg,tiger
tiger_66.jpg,tiger
tiger_67.jpg,tiger
tiger_68.jpg,tiger
tiger_69.jpg,tiger
tiger_70.jpg,tiger
tiger_71.jpg,tiger
tiger_72.jpg,tiger
tiger_73.jpg,tiger
tiger_74.jpg,tiger
tiger_75.jpg,tiger
tiger_76.jpg,tiger
tiger_77.jpg,tiger
tiger_78.jpg,tiger
tiger_79.jpg,tiger
tiger_80.jpg,tiger
tiger_81.jpg,tiger
tiger_82.jpg,tiger
tiger_83.jpg,tiger
tiger_84.jpg,tiger
tiger_85.jpg,tiger
tiger_86.jpg,tiger
tiger_87.jpg,tiger
tiger_88.jpg,tiger
tiger_89.jpg,tiger
tiger_90.jpg,tiger
tiger_91.jpg,tiger
tiger_92.jpg,tiger
tiger_93.jpg,tiger
tiger_94.jpg,tiger
tiger_95.jpg,tiger
tiger_96.jpg,tiger
tiger_97.jpg,tiger
tiger_98.jpg,tiger
tiger_99.jpg,tiger
tiger_100.jpg,tiger
tiger_101.jpg,tiger
tiger_102.jpg,tiger
tiger_103.jpg,tiger
tiger_104.jpg,tiger
tiger_105.jpg,tiger
tiger_106.jpg,tiger
tiger_107.jpg,tiger
tiger_108.jpg,tiger
tiger_109.jpg,tiger
tiger_110.jpg,tiger
tiger_111.jpg,tiger
tiger_112.jpg,tiger
tiger_113.jpg,tiger
tiger_114.jpg,tiger
tiger_115.jpg,tiger
tiger_116.jpg,tiger
tiger_117.jpg,tiger
tiger_118.jpg,tiger
tiger_119.jpg,tiger
tiger_120.jpg,tiger
tiger_121.jpg,tiger
tiger_122.jpg,tiger
tiger_123.jpg,tiger
tiger_124.jpg,tiger
tiger_125.jpg,tiger
tiger_126.jpg,tiger
tiger_127.jpg,tiger
tiger_128.jpg,tiger
tiger_129.jpg,tiger
tiger_130.jpg,tiger
tiger_131.jpg,tiger
tiger_132.jpg,tiger
tiger_133.jpg,tiger
tiger_134.jpg,tiger
tiger_135.jpg,tiger
tiger_136.jpg,tiger
tiger_137.jpg,tiger
tiger_138.jpg,tiger
tiger_139.jpg,tiger
tiger_140.jpg,tiger
tiger_141.jpg,tiger
tiger_142.jpg,tiger
tiger_143.jpg,tiger
tiger_144.jpg,tiger
tiger_145.jpg,tiger
tiger_146.jpg,tiger
tiger_147.jpg,tiger
tiger_148.jpg,tiger
tiger_149.jpg,tiger
tiger_150.jpg,tiger
tiger_151.jpg,tiger
tiger_152.jpg,tiger
tiger_153.jpg,tiger
tiger_154.jpg,tiger
tiger_155.jpg,tiger
tiger_156.jpg,tiger
tiger_157.jpg,tiger
tiger_158.jpg,tiger
tiger_159.jpg,tiger
tiger_160.jpg,tiger
tiger_161.jpg,tiger
tiger_162.jpg,tiger
tiger_163.jpg,tiger
tiger_164.jpg,tiger
tiger_165.jpg,tiger
tiger_166.jpg,tiger
tiger_167.jpg,tiger
tiger_168.jpg,tiger
tiger_169.jpg,tiger
tiger_170.jpg,tiger
tiger_171.jpg,tiger
tiger_172.jpg,tiger
tiger_173.jpg,tiger
tiger_174.jpg,tiger
tiger_175.jpg,tiger
tiger_176.jpg,tiger
tiger_177.jpg,tiger
tiger_178.jpg,tiger
tiger_179.jpg,tiger
tiger_180.jpg,tiger
tiger_181.jpg,tiger
tiger_182.jpg,tiger
tiger_183.jpg,tiger
tiger_184.jpg,tiger
tiger_185.jpg,tiger
tiger_186.jpg,tiger
tiger_187.jpg,tiger
tiger_188.jpg,tiger
tiger_189.jpg,tiger
tiger_190.jpg,tiger
tiger_191.jpg,tiger
tiger_192.jpg,tiger
tiger_193.jpg,tiger
tiger_194.jpg,tiger
tiger_195.jpg,tiger
tiger_196.jpg,tiger
tiger_197.jpg,tiger
tiger_198.jpg,tiger
tiger_199.jpg,tiger
tiger_200.jpg,tiger
tiger_201.jpg,tiger
tiger_202.jpg,tiger
tiger_203.jpg,tiger
tiger_204.jpg,tiger
tiger_205.jpg,tiger
tiger_206.jpg,tiger
tiger_207.jpg,tiger
tiger_208.jpg,tiger
tiger_209.jpg,tiger
tiger_210.jpg,tiger
tiger_211.jpg,tiger
tiger_212.jpg,tiger
tiger_213.jpg,tiger
tiger_214.jpg,tiger
tiger_215.jpg,tiger
tiger_216.jpg,tiger
tiger_217.jpg,tiger
tiger_218.jpg,tiger
tiger_219.jpg,tiger
tiger_220.jpg,tiger
tiger_221.jpg,tiger
tiger_222.jpg,tiger
tiger_223.jpg,tiger
tiger_224.jpg,tiger
tiger_225.jpg,tiger
tiger_226.jpg,tiger
tiger_227.jpg,tiger
tiger_228.jpg,tiger
tiger_229.jpg,tiger
tiger_230.jpg,tiger
tiger_231.jpg,tiger
tiger_232.jpg,tiger
rainbow_1.jpg,rainbow
rainbow_2.jpg,rainbow
rainbow_3.jpg,rainbow
rainbow_4.jpg,rainbow
rainbow_5.jpg,rainbow
rainbow_6.jpg,rainbow
rainbow_7.jpg,rainbow
rainbow_8.jpg,rainbow
rainbow_9.jpg,rainbow
rainbow_10.jpg,rainbow
rainbow_11.jpg,rainbow
rainbow_12.jpg,rainbow
rainbow_13.jpg,rainbow
rainbow_14.jpg,rainbow
rainbow_15.jpg,rainbow
rainbow_16.jpg,rainbow
rainbow_17.jpg,rainbow
rainbow_18.jpg,rainbow
rainbow_19.jpg,rainbow
rainbow_20.jpg,rainbow
rainbow_21.jpg,rainbow
rainbow_22.jpg,rainbow
rainbow_23.jpg,rainbow
rainbow_24.jpg,rainbow
rainbow_25.jpg,rainbow
rainbow_26.jpg,rainbow
rainbow_27.jpg,rainbow
rainbow_28.jpg,rainbow
rainbow_29.jpg,rainbow
rainbow_30.jpg,rainbow
rainbow_31.jpg,rainbow
rainbow_32.jpg,rainbow
rainbow_33.jpg,rainbow
rainbow_34.jpg,rainbow
rainbow_35.jpg,rainbow
rainbow_36.jpg,rainbow
rainbow_37.jpg,rainbow
rainbow_38.jpg,rainbow
rainbow_39.jpg,rainbow
rainbow_40.jpg,rainbow
rainbow_41.jpg,rainbow
rainbow_42.jpg,rainbow
rainbow_43.jpg,rainbow
rainbow_44.jpg,rainbow
rainbow_45.jpg,rainbow
rainbow_46.jpg,rainbow
rainbow_47.jpg,rainbow
rainbow_48.jpg,rainbow
rainbow_49.jpg,rainbow
rainbow_50.jpg,rainbow
rainbow_51.jpg,rainbow
rainbow_52.jpg,rainbow
rainbow_53.jpg,rainbow
rainbow_54.jpg,rainbow
rainbow_55.jpg,rainbow
rainbow_56.jpg,rainbow
rainbow_57.jpg,rainbow
rainbow_58.jpg,rainbow
rainbow_59.jpg,rainbow
rainbow_60.jpg,rainbow
rainbow_61.jpg,rainbow
rainbow_62.jpg,rainbow
rainbow_63.jpg,rainbow
rainbow_64.jpg,rainbow
rainbow_65.jpg,rainbow
rainbow_66.jpg,rainbow
rainbow_67.jpg,rainbow
rainbow_68.jpg,rainbow
rainbow_69.jpg,rainbow
rainbow_70.jpg,rainbow
rainbow_71.jpg,rainbow
rainbow_72.jpg,rainbow
rainbow_73.jpg,rainbow
rainbow_74.jpg,rainbow
rainbow_75.jpg,rainbow
rainbow_76.jpg,rainbow
rainbow_77.jpg,rainbow
rainbow_78.jpg,rainbow
rainbow_79.jpg,rainbow
rainbow_80.jpg,rainbow
rainbow_81.jpg,rainbow
rainbow_82.jpg,rainbow
rainbow_83.jpg,rainbow
rainbow_84.jpg,rainbow
rainbow_85.jpg,rainbow
rainbow_86.jpg,rainbow
rainbow_87.jpg,rainbow
rainbow_88.jpg,rainbow
rainbow_89.jpg,rainbow
rainbow_90.jpg,rainbow
rainbow_91.jpg,rainbow
rainbow_92.jpg,rainbow
rainbow_93.jpg,rainbow
rainbow_94.jpg,rainbow
rainbow_95.jpg,rainbow
rainbow_96.jpg,rainbow
rainbow_97.jpg,rainbow
rainbow_98.jpg,rainbow
rainbow_99.jpg,rainbow
rainbow_100.jpg,rainbow
rainbow_101.jpg,rainbow
rainbow_102.jpg,rainbow
rainbow_103.jpg,rainbow
rainbow_104.jpg,rainbow
rainbow_105.jpg,rainbow
rainbow_106.jpg,rainbow
rainbow_107.jpg,rainbow
rainbow_108.jpg,rainbow
rainbow_109.jpg,rainbow
rainbow_110.jpg,rainbow
rainbow_111.jpg,rainbow
rainbow_112.jpg,rainbow
rainbow_113.jpg,rainbow
rainbow_114.jpg,rainbow
rainbow_115.jpg,rainbow
rainbow_116.jpg,rainbow
rainbow_117.jpg,rainbow
rainbow_118.jpg,rainbow
rainbow_119.jpg,rainbow
rainbow_120.jpg,rainbow
rainbow_121.jpg,rainbow
rainbow_122.jpg,rainbow
rainbow_123.jpg,rainbow
rainbow_124.jpg,rainbow
rainbow_125.jpg,rainbow
rainbow_126.jpg,rainbow
rainbow_127.jpg,rainbow
rainbow_128.jpg,rainbow
rainbow_129.jpg,rainbow
rainbow_130.jpg,rainbow
rainbow_131.jpg,rainbow
rainbow_132.jpg,rainbow
rainbow_133.jpg,rainbow
rainbow_134.jpg,rainbow
rainbow_135.jpg,rainbow
rainbow_136.jpg,rainbow
rainbow_137.jpg,rainbow
rainbow_138.jpg,rainbow
rainbow_139.jpg,rainbow
rainbow_140.jpg,rainbow
rainbow_141.jpg,rainbow
rainbow_142.jpg,rainbow
rainbow_143.jpg,rainbow
rainbow_144.jpg,rainbow
rainbow_145.jpg,rainbow
rainbow_146.jpg,rainbow
rainbow_147.jpg,rainbow
rainbow_148.jpg,rainbow
rainbow_149.jpg,rainbow
rainbow_150.jpg,rainbow
rainbow_151.jpg,rainbow
rainbow_152.jpg,rainbow
rainbow_153.jpg,rainbow
rainbow_154.jpg,rainbow
rainbow_155.jpg,rainbow
rainbow_156.jpg,rainbow
rainbow_157.jpg,rainbow
rainbow_158.jpg,rainbow
rainbow_159.jpg,rainbow
rainbow_160.jpg,rainbow
rainbow_161.jpg,rainbow
rainbow_162.jpg,rainbow
rainbow_163.jpg,rainbow
rainbow_164.jpg,rainbow
rainbow_165.jpg,rainbow
rainbow_166.jpg,rainbow
rainbow_167.jpg,rainbow
rainbow_168.jpg,rainbow
rainbow_169.jpg,rainbow
rainbow_170.jpg,rainbow
rainbow_171.jpg,rainbow
rainbow_172.jpg,rainbow
rainbow_173.jpg,rainbow
rainbow_174.jpg,rainbow
rainbow_175.jpg,rainbow
rainbow_176.jpg,rainbow
rainbow_177.jpg,rainbow
rainbow_178.jpg,rainbow
rainbow_179.jpg,rainbow
rainbow_180.jpg,rainbow
rainbow_181.jpg,rainbow
rainbow_182.jpg,rainbow
rainbow_183.jpg,rainbow
rainbow_184.jpg,rainbow
rainbow_185.jpg,rainbow
rainbow_186.jpg,rainbow
rainbow_187.jpg,rainbow
rainbow_188.jpg,rainbow
rainbow_189.jpg,rainbow
rainbow_190.jpg,rainbow
rainbow_191.jpg,rainbow
rainbow_192.jpg,rainbow
rainbow_193.jpg,rainbow
rainbow_194.jpg,rainbow
rainbow_195.jpg,rainbow
rainbow_196.jpg,rainbow
rainbow_197.jpg,rainbow
rainbow_198.jpg,rainbow
rainbow_199.jpg,rainbow
rainbow_200.jpg,rainbow
rainbow_201.jpg,rainbow
rainbow_202.jpg,rainbow
rainbow_203.jpg,rainbow
rainbow_204.jpg,rainbow
rainbow_205.jpg,rainbow
rainbow_206.jpg,rainbow
rainbow_207.jpg,rainbow
rainbow_208.jpg,rainbow
rainbow_209.jpg,rainbow
rainbow_210.jpg,rainbow
rainbow_211.jpg,rainbow
rainbow_212.jpg,rainbow
rainbow_213.jpg,rainbow
rainbow_214.jpg,rainbow
rainbow_215.jpg,rainbow
rainbow_216.jpg,rainbow
rainbow_217.jpg,rainbow
rainbow_218.jpg,rainbow
rainbow_219.jpg,rainbow
rainbow_220.jpg,rainbow
rainbow_221.jpg,rainbow
rainbow_222.jpg,rainbow
rainbow_223.jpg,rainbow
rainbow_224.jpg,rainbow
rainbow_225.jpg,rainbow
rainbow_226.jpg,rainbow
rainbow_227.jpg,rainbow
rainbow_228.jpg,rainbow
rainbow_229.jpg,rainbow
rainbow_230.jpg,rainbow
rainbow_231.jpg,rainbow
rainbow_232.jpg,rainbow
rainbow_233.jpg,rainbow
rainbow_234.jpg,rainbow
rainbow_235.jpg,rainbow
rainbow_236.jpg,rainbow
rainbow_237.jpg,rainbow
rainbow_238.jpg,rainbow
rainbow_239.jpg,rainbow
rainbow_240.jpg,rainbow
rainbow_241.jpg,rainbow
rainbow_242.jpg,rainbow
rainbow_243.jpg,rainbow
rainbow_244.jpg,rainbow
rainbow_245.jpg,rainbow
rainbow_246.jpg,rainbow
rainbow_247.jpg,rainbow
rainbow_248.jpg,rainbow
rainbow_249.jpg,rainbow
rainbow_250.jpg,rainbow
rainbow_251.jpg,rainbow
rainbow_252.jpg,rainbow
rainbow_253.jpg,rainbow
rainbow_254.jpg,rainbow
brook_1.jpg,brook
brook_2.jpg,brook
brook_3.jpg,brook
brook_4.jpg,brook
brook_5.jpg,brook
brook_6.jpg,brook
brook_7.jpg,brook
brook_8.jpg,brook
brook_9.jpg,brook
brook_10.jpg,brook
brook_11.jpg,brook
brook_12.jpg,brook
brook_13.jpg,brook
brook_14.jpg,brook
brook_15.jpg,brook
brook_16.jpg,brook
brook_17.jpg,brook
brook_18.jpg,brook
brook_19.jpg,brook
brook_20.jpg,brook
brook_21.jpg,brook
brook_22.jpg,brook
brook_23.jpg,brook
brook_24.jpg,brook
brook_25.jpg,brook
brook_26.jpg,brook
brook_27.jpg,brook
brook_28.jpg,brook
brook_29.jpg,brook
brook_30.jpg,brook
brook_31.jpg,brook
brook_32.jpg,brook
brook_33.jpg,brook
brook_34.jpg,brook
brook_35.jpg,brook
brook_36.jpg,brook
brook_37.jpg,brook
brook_38.jpg,brook
brook_39.jpg,brook
brook_40.jpg,brook
brook_41.jpg,brook
brook_42.jpg,brook
brook_43.jpg,brook
brook_44.jpg,brook
brook_45.jpg,brook
brook_46.jpg,brook
brook_47.jpg,brook
brook_48.jpg,brook
brook_49.jpg,brook
brook_50.jpg,brook
brook_51.jpg,brook
brook_52.jpg,brook
brook_53.jpg,brook
brook_54.jpg,brook
brook_55.jpg,brook
brook_56.jpg,brook
brook_57.jpg,brook
brook_58.jpg,brook
brook_59.jpg,brook
brook_60.jpg,brook
brook_61.jpg,brook
brook_62.jpg,brook
brook_63.jpg,brook
brook_64.jpg,brook
brook_65.jpg,brook
brook_66.jpg,brook
brook_67.jpg,brook
brook_68.jpg,brook
brook_69.jpg,brook
brook_70.jpg,brook
brook_71.jpg,brook
brook_72.jpg,brook
brook_73.jpg,brook
brook_74.jpg,brook
brook_75.jpg,brook
brook_76.jpg,brook
brook_77.jpg,brook
brook_78.jpg,brook
brook_79.jpg,brook
brook_80.jpg,brook
brook_81.jpg,brook
brook_82.jpg,brook
brook_83.jpg,brook
brook_84.jpg,brook
brook_85.jpg,brook
brook_86.jpg,brook
brook_87.jpg,brook
brook_88.jpg,brook
brook_89.jpg,brook
brook_90.jpg,brook
brook_91.jpg,brook
brook_92.jpg,brook
brook_93.jpg,brook
brook_94.jpg,brook
brook_95.jpg,brook
brook_96.jpg,brook
brook_97.jpg,brook
brook_98.jpg,brook
brook_99.jpg,brook
brook_100.jpg,brook
brook_101.jpg,brook
brook_102.jpg,brook
brook_103.jpg,brook
brook_104.jpg,brook
brook_105.jpg,brook
brook_106.jpg,brook
brook_107.jpg,brook
brook_108.jpg,brook
brook_109.jpg,brook
brook_110.jpg,brook
brook_111.jpg,brook
brook_112.jpg,brook
brook_113.jpg,brook
brook_114.jpg,brook
brook_115.jpg,brook
brook_116.jpg,brook
brook_117.jpg,brook
brook_118.jpg,brook
brook_119.jpg,brook
brook_120.jpg,brook
brook_121.jpg,brook
brook_122.jpg,brook
brook_123.jpg,brook
brook_124.jpg,brook
brook_125.jpg,brook
brook_126.jpg,brook
brook_127.jpg,brook
brook_128.jpg,brook
brook_129.jpg,brook
brook_130.jpg,brook
brook_131.jpg,brook
brook_132.jpg,brook
brook_133.jpg,brook
brook_134.jpg,brook
brook_135.jpg,brook
brook_136.jpg,brook
brook_137.jpg,brook
brook_138.jpg,brook
brook_139.jpg,brook
brook_140.jpg,brook
brook_141.jpg,brook
brook_142.jpg,brook
brook_143.jpg,brook
brook_144.jpg,brook
brook_145.jpg,brook
brook_146.jpg,brook
brook_147.jpg,brook
brook_148.jpg,brook
brook_149.jpg,brook
brook_150.jpg,brook
brook_151.jpg,brook
brook_152.jpg,brook
brook_153.jpg,brook
brook_154.jpg,brook
brook_155.jpg,brook
brook_156.jpg,brook
brook_157.jpg,brook
brook_158.jpg,brook
brook_159.jpg,brook
brook_160.jpg,brook
brook_161.jpg,brook
brook_162.jpg,brook
brook_163.jpg,brook
brook_164.jpg,brook
brook_165.jpg,brook
brook_166.jpg,brook
brook_167.jpg,brook
brook_168.jpg,brook
brook_169.jpg,brook
brook_170.jpg,brook
brook_171.jpg,brook
brook_172.jpg,brook
brook_173.jpg,brook
brook_174.jpg,brook
brook_175.jpg,brook
brook_176.jpg,brook
brook_177.jpg,brook
brook_178.jpg,brook
brook_179.jpg,brook
brook_180.jpg,brook
brook_181.jpg,brook
brook_182.jpg,brook
brook_183.jpg,brook
brook_184.jpg,brook
brook_185.jpg,brook
brook_186.jpg,brook
brook_187.jpg,brook
brook_188.jpg,brook
brook_189.jpg,brook
brook_190.jpg,brook
brook_191.jpg,brook
brook_192.jpg,brook
brook_193.jpg,brook
brook_194.jpg,brook
brook_195.jpg,brook
brook_196.jpg,brook
brook_197.jpg,brook
brook_198.jpg,brook
brook_199.jpg,brook
brook_200.jpg,brook
brook_201.jpg,brook
brook_202.jpg,brook
brook_203.jpg,brook
brook_204.jpg,brook
brook_205.jpg,brook
brook_206.jpg,brook
brook_207.jpg,brook
brook_208.jpg,brook
brook_209.jpg,brook
brook_210.jpg,brook
brook_211.jpg,brook
brook_212.jpg,brook
brook_213.jpg,brook
brook_214.jpg,brook
brook_215.jpg,brook
brook_216.jpg,brook
brook_217.jpg,brook
brook_218.jpg,brook
brook_219.jpg,brook
brook_220.jpg,brook
brook_221.jpg,brook
brook_222.jpg,brook
brook_223.jpg,brook
brook_224.jpg,brook
brook_225.jpg,brook
brook_226.jpg,brook
brook_227.jpg,brook
brook_228.jpg,brook
brook_229.jpg,brook
brook_230.jpg,brook
brook_231.jpg,brook
brook_232.jpg,brook
brook_233.jpg,brook
brook_234.jpg,brook
brook_235.jpg,brook
brook_236.jpg,brook
brook_237.jpg,brook
brook_238.jpg,brook
brook_239.jpg,brook
brook_240.jpg,brook
brook_241.jpg,brook
brook_242.jpg,brook
brook_243.jpg,brook
brook_244.jpg,brook
brook_245.jpg,brook
brook_246.jpg,brook
brook_247.jpg,brook
brook_248.jpg,brook
brook_249.jpg,brook
brook_250.jpg,brook
brook_251.jpg,brook
brook_252.jpg,brook
brook_253.jpg,brook
brook_254.jpg,brook
brook_255.jpg,brook
brook_256.jpg,brook
brook_257.jpg,brook
brook_258.jpg,brook
brook_259.jpg,brook
brook_260.jpg,brook
brook_261.jpg,brook
brook_262.jpg,brook
brook_263.jpg,brook
brook_264.jpg,brook
brook_265.jpg,brook
brook_266.jpg,brook
brook_267.jpg,brook
brook_268.jpg,brook
brook_269.jpg,brook
brook_270.jpg,brook
brook_271.jpg,brook
brook_272.jpg,brook
brook_273.jpg,brook
brook_274.jpg,brook
brook_275.jpg,brook
brook_276.jpg,brook
brook_277.jpg,brook
brook_278.jpg,brook
brook_279.jpg,brook
brook_280.jpg,brook
brook_281.jpg,brook
brook_282.jpg,brook
brook_283.jpg,brook
brook_284.jpg,brook
brook_285.jpg,brook
brook_286.jpg,brook
brook_287.jpg,brook
brook_288.jpg,brook
brook_289.jpg,brook
brook_290.jpg,brook
brook_291.jpg,brook
brook_292.jpg,brook
brook_293.jpg,brook
brook_294.jpg,brook
brook_295.jpg,brook
brook_296.jpg,brook
brook_297.jpg,brook
brook_298.jpg,brook
brook_299.jpg,brook
brook_300.jpg,brook
brook_301.jpg,brook
brook_302.jpg,brook
brook_303.jpg,brook
brook_304.jpg,brook
brook_305.jpg,brook
brook_306.jpg,brook
brook_307.jpg,brook
brook_308.jpg,brook
brook_309.jpg,brook
brook_310.jpg,brook
brook_311.jpg,brook
brook_312.jpg,brook
brook_313.jpg,brook
brook_314.jpg,brook
brook_315.jpg,brook
brook_316.jpg,brook
brook_317.jpg,brook
brook_318.jpg,brook
brook_319.jpg,brook
brook_320.jpg,brook
brook_321.jpg,brook
brook_322.jpg,brook
brook_323.jpg,brook
brook_324.jpg,brook
brook_325.jpg,brook
brook_326.jpg,brook
brook_327.jpg,brook
brook_328.jpg,brook
brook_329.jpg,brook
brook_330.jpg,brook
brook_331.jpg,brook
brook_332.jpg,brook
brook_333.jpg,brook
brook_334.jpg,brook
brook_335.jpg,brook
brook_336.jpg,brook
brook_337.jpg,brook
brook_338.jpg,brook
brook_339.jpg,brook
brook_340.jpg,brook
brook_341.jpg,brook
brook_342.jpg,brook
brook_343.jpg,brook
brook_344.jpg,brook
brook_345.jpg,brook
brook_346.jpg,brook
brook_347.jpg,brook
brook_348.jpg,brook
brook_349.jpg,brook
brook_350.jpg,brook
brook_351.jpg,brook
brook_352.jpg,brook
brook_353.jpg,brook
brook_354.jpg,brook
brook_355.jpg,brook
brook_356.jpg,brook
brook_357.jpg,brook
brook_358.jpg,brook
brook_359.jpg,brook
brook_360.jpg,brook
brook_361.jpg,brook
brook_362.jpg,brook
brook_363.jpg,brook
brook_364.jpg,brook
brook_365.jpg,brook
brook_366.jpg,brook
brook_367.jpg,brook
brook_368.jpg,brook
brook_369.jpg,brook
brook_370.jpg,brook
brook_371.jpg,brook
brook_372.jpg,brook
